zip,place,median_rent,median_income,year,lat,lon
85003,Phoenix,1392,60461,2020–2024 ACS 5-year,33.4511,-112.0774
85004,Phoenix,1834,73750,2020–2024 ACS 5-year,33.4557,-112.0686
85006,Phoenix,1270,58248,2020–2024 ACS 5-year,33.465,-112.0474
85007,Phoenix,1116,63616,2020–2024 ACS 5-year,33.4523,-112.0893
85008,Phoenix,1403,66353,2020–2024 ACS 5-year,33.4665,-111.9984
85009,Phoenix,1208,52054,2020–2024 ACS 5-year,33.4564,-112.1284
85012,Phoenix,1746,86620,2020–2024 ACS 5-year,33.5097,-112.0678
85013,Phoenix,1585,71966,2020–2024 ACS 5-year,33.5085,-112.0827
85014,Phoenix,1428,66731,2020–2024 ACS 5-year,33.5103,-112.0556
85015,Phoenix,1287,54874,2020–2024 ACS 5-year,33.5082,-112.1011
85016,Phoenix,1687,87850,2020–2024 ACS 5-year,33.5021,-112.0305
85017,Phoenix,1299,58346,2020–2024 ACS 5-year,33.5153,-112.1212
85018,Phoenix,1537,93885,2020–2024 ACS 5-year,33.4958,-111.9883
85019,Phoenix,1469,68528,2020–2024 ACS 5-year,33.5123,-112.1417
85020,Phoenix,1530,83735,2020–2024 ACS 5-year,33.5623,-112.0559
85021,Phoenix,1313,59768,2020–2024 ACS 5-year,33.56,-112.0927
85022,Phoenix,1623,69927,2020–2024 ACS 5-year,33.6315,-112.052
85023,Phoenix,1577,77369,2020–2024 ACS 5-year,33.6324,-112.1118
85024,Phoenix,1943,106724,2020–2024 ACS 5-year,33.6617,-112.037
85027,Phoenix,1607,76605,2020–2024 ACS 5-year,33.6819,-112.0996
85028,Phoenix,1850,125054,2020–2024 ACS 5-year,33.5851,-112.0087
85029,Phoenix,1455,64556,2020–2024 ACS 5-year,33.5961,-112.1199
85031,Phoenix,1647,70412,2020–2024 ACS 5-year,33.4939,-112.1696
85032,Phoenix,1609,78643,2020–2024 ACS 5-year,33.6238,-112.0044
85033,Phoenix,1457,64144,2020–2024 ACS 5-year,33.4944,-112.2132
85034,Phoenix,1479,63559,2020–2024 ACS 5-year,33.4413,-112.0421
85035,Phoenix,1481,60440,2020–2024 ACS 5-year,33.4724,-112.1832
85037,Phoenix,1800,84016,2020–2024 ACS 5-year,33.4913,-112.2468
85040,Phoenix,1259,60727,2020–2024 ACS 5-year,33.4061,-112.0265
85041,Phoenix,1739,75301,2020–2024 ACS 5-year,33.3889,-112.0954
85042,Phoenix,1668,88717,2020–2024 ACS 5-year,33.3794,-112.0283
85043,Phoenix,1697,78257,2020–2024 ACS 5-year,33.4491,-112.1972
85044,Phoenix,1874,96820,2020–2024 ACS 5-year,33.3291,-111.9943
85045,Phoenix,2430,153583,2020–2024 ACS 5-year,33.3022,-112.1226
85048,Phoenix,2086,122833,2020–2024 ACS 5-year,33.316,-112.0669
85050,Phoenix,2377,139836,2020–2024 ACS 5-year,33.6863,-111.9963
85051,Phoenix,1322,69189,2020–2024 ACS 5-year,33.5591,-112.1332
85053,Phoenix,1452,70011,2020–2024 ACS 5-year,33.6299,-112.1316
85054,Phoenix,2239,91507,2020–2024 ACS 5-year,33.6731,-111.9461
85083,Phoenix,2375,149087,2020–2024 ACS 5-year,33.7352,-112.1294
85085,Phoenix,1944,128984,2020–2024 ACS 5-year,33.7529,-112.0893
85086,Phoenix,2330,121676,2020–2024 ACS 5-year,33.8155,-112.1202
85087,New River,2280,138566,2020–2024 ACS 5-year,33.9235,-112.1279
85201,Mesa,1445,67294,2020–2024 ACS 5-year,33.4317,-111.8469
85202,Mesa,1594,71619,2020–2024 ACS 5-year,33.3851,-111.8724
85203,Mesa,1534,73578,2020–2024 ACS 5-year,33.437,-111.8057
85204,Mesa,1566,72216,2020–2024 ACS 5-year,33.3992,-111.7896
85205,Mesa,1446,73283,2020–2024 ACS 5-year,33.4368,-111.7129
85206,Mesa,1818,75607,2020–2024 ACS 5-year,33.4026,-111.7242
85207,Mesa,1791,108699,2020–2024 ACS 5-year,33.4321,-111.6426
85208,Mesa,1631,69390,2020–2024 ACS 5-year,33.3984,-111.6513
85209,Mesa,1864,84432,2020–2024 ACS 5-year,33.3782,-111.6406
85210,Mesa,1497,61957,2020–2024 ACS 5-year,33.3887,-111.8428
85212,Mesa,2209,125902,2020–2024 ACS 5-year,33.3425,-111.6353
85213,Mesa,1730,103969,2020–2024 ACS 5-year,33.4367,-111.7731
85215,Mesa,1958,98831,2020–2024 ACS 5-year,33.4707,-111.7188
85224,Chandler,1923,94516,2020–2024 ACS 5-year,33.3301,-111.8632
85225,Chandler,1738,88676,2020–2024 ACS 5-year,33.3105,-111.8239
85226,Chandler,1892,114817,2020–2024 ACS 5-year,33.3092,-111.9198
85233,Gilbert,1972,111160,2020–2024 ACS 5-year,33.3354,-111.8153
85234,Gilbert,1964,121102,2020–2024 ACS 5-year,33.3527,-111.7809
85248,Chandler,1907,94495,2020–2024 ACS 5-year,33.2509,-111.8593
85249,Chandler,2392,153633,2020–2024 ACS 5-year,33.2414,-111.7745
85250,Scottsdale,1898,95761,2020–2024 ACS 5-year,33.5218,-111.9049
85251,Scottsdale,1867,92851,2020–2024 ACS 5-year,33.4936,-111.9167
85253,Paradise Valley,2018,184979,2020–2024 ACS 5-year,33.5494,-111.9565
85254,Scottsdale,2156,123203,2020–2024 ACS 5-year,33.6165,-111.9554
85255,Scottsdale,2483,140616,2020–2024 ACS 5-year,33.6968,-111.8892
85256,Scottsdale,564,44844,2020–2024 ACS 5-year,33.4858,-111.8533
85257,Scottsdale,1849,86962,2020–2024 ACS 5-year,33.4669,-111.9151
85258,Scottsdale,2170,114111,2020–2024 ACS 5-year,33.5647,-111.8931
85259,Scottsdale,1878,137895,2020–2024 ACS 5-year,33.5879,-111.8404
85260,Scottsdale,2132,97177,2020–2024 ACS 5-year,33.6013,-111.8867
85262,Scottsdale,2899,177790,2020–2024 ACS 5-year,33.7752,-111.7791
85263,Rio Verde,2332,145053,2020–2024 ACS 5-year,33.7225,-111.6757
85264,Fort Mcdowell,595,60729,2020–2024 ACS 5-year,33.6118,-111.6806
85266,Scottsdale,3136,151923,2020–2024 ACS 5-year,33.7669,-111.9182
85268,Fountain Hills,1890,112795,2020–2024 ACS 5-year,33.6085,-111.7237
85281,Tempe,1677,64538,2020–2024 ACS 5-year,33.4227,-111.9261
85282,Tempe,1745,79036,2020–2024 ACS 5-year,33.3917,-111.9249
85283,Tempe,1767,84568,2020–2024 ACS 5-year,33.3665,-111.9312
85284,Tempe,2236,156146,2020–2024 ACS 5-year,33.3363,-111.9197
85286,Chandler,2109,121758,2020–2024 ACS 5-year,33.2711,-111.8311
85295,Gilbert,2037,118467,2020–2024 ACS 5-year,33.3054,-111.7408
85296,Gilbert,2227,118982,2020–2024 ACS 5-year,33.3354,-111.7406
85297,Gilbert,2302,130755,2020–2024 ACS 5-year,33.2781,-111.7096
85298,Gilbert,2785,156425,2020–2024 ACS 5-year,33.2522,-111.7022
85301,Glendale,1324,53827,2020–2024 ACS 5-year,33.5311,-112.1767
85302,Glendale,1332,65132,2020–2024 ACS 5-year,33.5675,-112.1753
85303,Glendale,1567,80650,2020–2024 ACS 5-year,33.5262,-112.2149
85304,Glendale,1514,86927,2020–2024 ACS 5-year,33.5943,-112.1746
85305,Glendale,1967,88167,2020–2024 ACS 5-year,33.5291,-112.2482
85306,Glendale,1730,84779,2020–2024 ACS 5-year,33.6239,-112.1776
85307,Glendale,1850,82888,2020–2024 ACS 5-year,33.5376,-112.3137
85308,Glendale,1873,95247,2020–2024 ACS 5-year,33.6539,-112.1694
85310,Glendale,2334,122137,2020–2024 ACS 5-year,33.7047,-112.1641
85320,Aguila,1265,40913,2017–2021 ACS 5-year,33.9186,-113.2134
85321,Ajo,875,53180,2020–2024 ACS 5-year,32.2295,-112.6542
85322,Arlington,536,38654,2016–2020 ACS 5-year,33.3133,-112.7891
85323,Avondale,1825,83120,2020–2024 ACS 5-year,33.4321,-112.3438
85324,Black Canyon City,768,63843,2017–2021 ACS 5-year,34.0755,-112.134
85325,Bouse,905,27281,2008–2012 ACS 5-year,33.9578,-114.0036
85326,Buckeye,1770,89876,2020–2024 ACS 5-year,33.3703,-112.5838
85328,Cibola,1086,38824,2015–2019 ACS 5-year,33.5457,-114.4926
85329,Cashion,1332,36399,2020–2024 ACS 5-year,33.4353,-112.2979
85331,Cave Creek,2595,129083,2020–2024 ACS 5-year,33.8851,-111.9349
85332,Congress,1110,55104,2017–2021 ACS 5-year,34.1764,-112.768
85333,Dateland,1054,39722,2020–2024 ACS 5-year,32.8679,-113.4631
85334,Ehrenberg,722,39143,2020–2024 ACS 5-year,33.6177,-114.5077
85335,El Mirage,1806,78050,2020–2024 ACS 5-year,33.5907,-112.3309
85336,San Luis,750,49152,2020–2024 ACS 5-year,32.5281,-114.7747
85337,Gila Bend,1069,55365,2020–2024 ACS 5-year,32.9306,-112.7468
85338,Goodyear,1918,101744,2020–2024 ACS 5-year,33.4368,-112.3834
85339,Laveen,2120,110602,2020–2024 ACS 5-year,33.3436,-112.1716
85340,Litchfield Park,2072,122323,2020–2024 ACS 5-year,33.5098,-112.4135
85342,Morristown,850,55917,2020–2024 ACS 5-year,33.8567,-112.6232
85343,Palo Verde,654,48616,2013–2017 ACS 5-year,33.3481,-112.6774
85344,Parker,807,54583,2020–2024 ACS 5-year,34.15,-114.2891
85345,Peoria,1697,67380,2020–2024 ACS 5-year,33.5735,-112.2596
85346,Quartzsite,836,44028,2020–2024 ACS 5-year,33.7292,-114.1925
85347,Roll,1121,,2020–2024 ACS 5-year,32.7517,-113.9891
85348,Salome,1005,63618,2020–2024 ACS 5-year,33.7481,-113.5715
85349,San Luis,727,60330,2020–2024 ACS 5-year,32.487,-114.7822
85350,Somerton,890,74025,2020–2024 ACS 5-year,32.5634,-114.7127
85351,Sun City,1560,53725,2020–2024 ACS 5-year,33.602,-112.2863
85352,Tacna,763,40119,2020–2024 ACS 5-year,32.6996,-113.9509
85353,Tolleson,1799,94154,2020–2024 ACS 5-year,33.4347,-112.2774
85354,Tonopah,1395,64203,2020–2024 ACS 5-year,33.4228,-112.9528
85355,Waddell,2477,123055,2020–2024 ACS 5-year,33.5673,-112.4387
85356,Wellton,731,56447,2019–2023 ACS 5-year,32.6935,-114.1561
85357,Wenden,489,36472,2018–2022 ACS 5-year,34.0422,-113.458
85360,Wikieup,271,51875,2014–2018 ACS 5-year,34.7033,-113.6113
85361,Wittmann,791,77361,2020–2024 ACS 5-year,33.7637,-112.6142
85362,Yarnell,859,39847,2018–2022 ACS 5-year,34.2508,-112.7567
85363,Youngtown,1157,68321,2020–2024 ACS 5-year,33.5908,-112.3013
85364,Yuma,979,57874,2020–2024 ACS 5-year,32.7015,-114.6424
85365,Yuma,1296,70331,2020–2024 ACS 5-year,32.7093,-114.4905
85367,Yuma,1197,58469,2020–2024 ACS 5-year,32.6566,-114.4042
85371,Poston,310,13750,2019–2023 ACS 5-year,33.9906,-114.3963
85373,Sun City,1968,72063,2020–2024 ACS 5-year,33.6588,-112.3214
85374,Surprise,1928,81201,2020–2024 ACS 5-year,33.63,-112.3314
85375,Sun City West,1678,63928,2020–2024 ACS 5-year,33.6856,-112.3659
85377,Carefree,1538,149167,2020–2024 ACS 5-year,33.824,-111.913
85378,Surprise,1514,56444,2020–2024 ACS 5-year,33.6306,-112.3332
85379,Surprise,2095,110616,2020–2024 ACS 5-year,33.6021,-112.3736
85381,Peoria,1762,96746,2020–2024 ACS 5-year,33.6048,-112.2237
85382,Peoria,1939,91525,2020–2024 ACS 5-year,33.6308,-112.2072
85383,Peoria,2355,145546,2020–2024 ACS 5-year,33.7169,-112.238
85387,Surprise,2579,98757,2020–2024 ACS 5-year,33.7129,-112.4375
85388,Surprise,2155,112164,2020–2024 ACS 5-year,33.6134,-112.4512
85390,Wickenburg,1034,68591,2020–2024 ACS 5-year,33.8944,-112.8603
85392,Avondale,1848,87702,2020–2024 ACS 5-year,33.4777,-112.3093
85395,Goodyear,2024,105935,2020–2024 ACS 5-year,33.479,-112.3947
85396,Buckeye,2243,114056,2020–2024 ACS 5-year,33.468,-112.4787
