zip,lat,lon
85001,33.4484,-112.074
85002,33.4484,-112.074
85003,33.4511,-112.0774
85004,33.4557,-112.0686
85005,33.4484,-112.074
85006,33.465,-112.0474
85007,33.4523,-112.0893
85008,33.4665,-111.9984
85009,33.4564,-112.1284
85010,33.4484,-112.074
85011,33.4484,-112.074
85012,33.5097,-112.0678
85013,33.5085,-112.0827
85014,33.5103,-112.0556
85015,33.5082,-112.1011
85016,33.5021,-112.0305
85017,33.5153,-112.1212
85018,33.4958,-111.9883
85019,33.5123,-112.1417
85020,33.5623,-112.0559
85021,33.56,-112.0927
85022,33.6315,-112.052
85023,33.6324,-112.1118
85024,33.6617,-112.037
85025,33.4484,-112.074
85026,33.4484,-112.074
85027,33.6819,-112.0996
85028,33.5851,-112.0087
85029,33.5961,-112.1199
85030,33.4484,-112.074
85031,33.4939,-112.1696
85032,33.6238,-112.0044
85033,33.4944,-112.2132
85034,33.4413,-112.0421
85035,33.4724,-112.1832
85036,33.4484,-112.074
85037,33.4913,-112.2468
85038,33.4484,-112.074
85039,33.4484,-112.074
85040,33.4061,-112.0265
85041,33.3889,-112.0954
85042,33.3794,-112.0283
85043,33.4491,-112.1972
85044,33.3291,-111.9943
85045,33.3022,-112.1226
85046,33.4484,-112.074
85048,33.316,-112.0669
85050,33.6863,-111.9963
85051,33.5591,-112.1332
85053,33.6299,-112.1316
85054,33.6731,-111.9461
85055,33.45,-111.97
85060,33.4484,-112.074
85061,33.4484,-112.074
85062,33.4484,-112.074
85063,33.4484,-112.074
85064,33.4484,-112.074
85065,33.4484,-112.074
85066,33.4484,-112.074
85067,33.4484,-112.074
85068,33.4484,-112.074
85069,33.4484,-112.074
85070,33.4484,-112.074
85071,33.4484,-112.074
85072,33.4484,-112.074
85073,33.4484,-112.074
85074,33.4484,-112.074
85075,33.4484,-112.074
85076,33.4484,-112.074
85077,33.45,-111.97
85078,33.4484,-112.074
85079,33.4484,-112.074
85080,33.4484,-112.074
85082,33.4484,-112.074
85083,33.7352,-112.1294
85085,33.7529,-112.0893
85086,33.8155,-112.1202
85087,33.9235,-112.1279
85096,33.44,-112.09
85097,33.4484,-112.074
85098,33.4484,-112.074
85099,33.45,-111.97
85117,33.4223,-111.5477
85118,33.3284,-111.3502
85119,33.4001,-111.5028
85120,33.3931,-111.5768
85121,33.1405,-111.9128
85122,32.8905,-111.754
85123,32.7559,-111.671
85127,33.2097,-111.6880
85128,32.9574,-111.5344
85130,32.8151,-111.7054
85131,32.7509,-111.5833
85132,32.9969,-111.3612
85135,33.0041,-110.7868
85137,33.0594,-110.9123
85138,33.0073,-111.9324
85139,32.9576,-112.0534
85140,33.1911,-111.528
85141,32.6686,-111.4549
85142,33.2487,-111.6343
85143,33.1911,-111.528
85144,33.1911,-111.528
85145,32.58,-111.341
85147,33.1234,-111.7384
85172,32.8823,-111.966
85173,33.2887,-111.0985
85178,33.4223,-111.5477
85190,33.5509,-111.3878
85191,32.9848,-111.4470
85192,33.0057,-110.7727
85193,32.8554,-111.7973
85194,32.8984,-111.6261
85201,33.4317,-111.8469
85202,33.3851,-111.8724
85203,33.437,-111.8057
85204,33.3992,-111.7896
85205,33.4368,-111.7129
85206,33.4026,-111.7242
85207,33.4321,-111.6426
85208,33.3984,-111.6513
85209,33.3782,-111.6406
85210,33.3887,-111.8428
85211,33.4663,-111.8373
85212,33.3425,-111.6353
85213,33.4367,-111.7731
85214,33.4125,-111.8319
85215,33.4707,-111.7188
85216,33.4125,-111.8319
85217,33.32,-111.32
85218,33.35,-111.41
85219,33.4,-111.46
85220,33.41,-111.57
85221,33.12,-111.9
85222,32.87,-111.73
85223,32.74,-111.68
85224,33.3301,-111.8632
85225,33.3105,-111.8239
85226,33.3092,-111.9198
85227,33.34,-111.63
85228,32.96,-111.52
85230,32.87,-111.75
85231,32.71,-111.57
85232,32.96,-111.31
85233,33.3354,-111.8153
85234,33.3527,-111.7809
85235,32.99,-110.78
85236,33.3024,-111.6969
85237,33.09,-110.97
85238,33,-111.93
85239,33.02,-112.04
85240,33.22,-111.53
85241,32.71,-111.49
85242,33.22,-111.61
85243,33.15,-111.54
85244,33.3213,-111.8888
85245,32.62,-111.37
85246,33.3062,-111.8413
85247,33.1,-111.75
85248,33.2509,-111.8593
85249,33.2414,-111.7745
85250,33.5218,-111.9049
85251,33.4936,-111.9167
85252,33.4995,-111.8684
85253,33.5494,-111.9565
85254,33.6165,-111.9554
85255,33.6968,-111.8892
85256,33.4858,-111.8533
85257,33.4669,-111.9151
85258,33.5647,-111.8931
85259,33.5879,-111.8404
85260,33.6013,-111.8867
85261,33.5092,-111.899
85262,33.7752,-111.7791
85263,33.7225,-111.6757
85264,33.6118,-111.6806
85266,33.7669,-111.9182
85267,33.5092,-111.899
85268,33.6085,-111.7237
85269,33.6117,-111.7174
85271,33.5092,-111.899
85272,32.85,-111.97
85273,33.28,-111.11
85274,33.4125,-111.8319
85275,33.4125,-111.8319
85277,33.4125,-111.8319
85278,33.41,-111.54
85279,32.79,-111.21
85280,33.4014,-111.9313
85281,33.4227,-111.9261
85282,33.3917,-111.9249
85283,33.3665,-111.9312
85284,33.3363,-111.9197
85285,33.4148,-111.9093
85286,33.2711,-111.8311
85287,33.4285,-111.9349
85288,33.4419,-111.9236
85289,33.4,-111.96
85290,33.45,-111.63
85291,32.99,-111.44
85292,32.94,-110.72
85293,32.85,-111.79
85294,32.92,-111.61
85295,33.3054,-111.7408
85296,33.3354,-111.7406
85297,33.2781,-111.7096
85298,33.2522,-111.7022
85299,33.3528,-111.789
85301,33.5311,-112.1767
85302,33.5675,-112.1753
85303,33.5262,-112.2149
85304,33.5943,-112.1746
85305,33.5291,-112.2482
85306,33.6239,-112.1776
85307,33.5376,-112.3137
85308,33.6539,-112.1694
85309,33.5352,-112.3804
85310,33.7047,-112.1641
85311,33.5387,-112.186
85312,33.5387,-112.186
85313,33.6,-112.16
85318,33.5387,-112.186
85320,33.9186,-113.2134
85321,32.2295,-112.6542
85322,33.3133,-112.7891
85323,33.4321,-112.3438
85324,34.0755,-112.134
85325,33.9578,-114.0036
85326,33.3703,-112.5838
85327,33.8333,-111.9508
85328,33.5457,-114.4926
85329,33.4353,-112.2979
85331,33.8851,-111.9349
85332,34.1764,-112.768
85333,32.8679,-113.4631
85334,33.6177,-114.5077
85335,33.5907,-112.3309
85336,32.5281,-114.7747
85337,32.9306,-112.7468
85338,33.4368,-112.3834
85339,33.3436,-112.1716
85340,33.5098,-112.4135
85341,31.9189,-112.8600
85342,33.8567,-112.6232
85343,33.3481,-112.6774
85344,34.15,-114.2891
85345,33.5735,-112.2596
85346,33.7292,-114.1925
85347,32.7517,-113.9891
85348,33.7481,-113.5715
85349,32.487,-114.7822
85350,32.5634,-114.7127
85351,33.6020,-112.2863
85352,32.6996,-113.9509
85353,33.4347,-112.2774
85354,33.4228,-112.9528
85355,33.5673,-112.4387
85356,32.6935,-114.1561
85357,34.0422,-113.458
85358,33.9686,-112.7296
85359,33.6669,-114.2396
85360,34.7033,-113.6113
85361,33.7637,-112.6142
85362,34.2508,-112.7567
85363,33.5908,-112.3013
85364,32.7015,-114.6424
85365,32.7093,-114.4905
85366,32.61,-114.6312
85367,32.6566,-114.4042
85369,32.7253,-114.6244
85371,33.9906,-114.3963
85372,33.5975,-112.2718
85373,33.6588,-112.3214
85374,33.63,-112.3314
85375,33.6856,-112.3659
85376,33.662,-112.3413
85377,33.824,-111.913
85378,33.6306,-112.3332
85379,33.6021,-112.3736
85380,33.5806,-112.2374
85381,33.6048,-112.2237
85382,33.6308,-112.2072
85383,33.7169,-112.238
85385,33.5806,-112.2374
85387,33.7129,-112.4375
85388,33.6134,-112.4512
85390,33.8944,-112.8603
85392,33.4777,-112.3093
85395,33.479,-112.3947
85396,33.468,-112.4787
85501,33.4024,-110.7892
85502,33.3942,-110.7865
85530,33.1265,-110.117
85531,32.8692,-109.7878
85532,33.4154,-110.8149
85533,33.1323,-109.2462
85534,32.881,-109.2157
85535,32.9612,-109.8954
85536,33.0333,-109.9717
85539,33.3992,-110.8687
85540,33.0787,-109.3654
85541,34.2198,-111.2878
85542,33.3103,-110.4554
85543,32.9097,-109.856
85544,34.3435,-111.5353
85545,33.6358,-110.9749
85546,32.8295,-109.6266
85547,34.2306,-111.3245
85548,32.797,-109.7522
85550,33.3456,-110.455
85551,32.8126,-109.634
85552,32.8504,-109.7461
85553,33.8317,-111.2946
85554,34.1014,-110.9637
85601,31.5885,-111.316
85602,31.9883,-110.2941
85603,31.4086,-109.9117
85605,32.3265,-109.487
85606,32.0979,-109.9239
85607,31.3511,-109.5447
85608,31.4151,-109.596
85609,32.0281,-110.0387
85610,31.7139,-109.6193
85611,31.6598,-110.5254
85613,31.5668,-110.3831
85614,31.8543,-111.0003
85615,31.4035,-110.2047
85616,31.6639,-110.3334
85617,31.5445,-109.6674
85618,32.7239,-110.644
85619,32.4106,-110.7746
85620,31.3373,-109.9413
85621,31.377,-110.9435
85622,31.8269,-111.0755
85623,32.6005,-110.7961
85624,31.5353,-110.6968
85625,31.8885,-109.6119
85626,31.3572,-109.5635
85627,31.9995,-110.2862
85628,31.532,-110.9093
85629,31.9452,-111.0002
85630,31.8973,-110.2154
85631,32.6209,-110.5992
85632,32.0423,-109.1748
85633,31.4887,-111.5421
85634,32.0315,-112.0065
85635,31.5365,-110.2666
85636,31.6687,-110.2801
85637,31.6731,-110.6188
85638,31.7216,-110.0584
85639,31.814,-111.8257
85640,31.5696,-111.0534
85641,32.0027,-110.7053
85643,32.373,-109.8631
85644,32.2529,-109.832
85645,31.6723,-111.0986
85646,31.6126,-111.0459
85648,31.5084,-111.0757
85650,31.4892,-110.2153
85652,32.4201,-111.1132
85653,32.4047,-111.2736
85654,32.4148,-111.1562
85655,31.3444,-109.5449
85658,32.4305,-111.1459
85662,31.532,-110.9093
85670,31.5640,-110.3435
85671,31.5545,-110.3037
85701,32.2139,-110.9694
85702,32.2217,-110.9265
85703,32.2217,-110.9265
85704,32.3379,-110.9855
85705,32.2691,-110.9845
85706,32.1392,-110.9451
85707,32.1696,-110.8751
85708,32.18,-110.8693
85709,32.2008,-110.898
85710,32.2138,-110.824
85711,32.2127,-110.8829
85712,32.25,-110.8869
85713,32.1941,-110.9739
85714,32.1707,-110.9719
85715,32.2519,-110.82
85716,32.2468,-110.9222
85717,32.2217,-110.9265
85718,32.3112,-110.9179
85719,32.2474,-110.9491
85720,32.2217,-110.9265
85721,32.2338,-110.95
85722,32.2217,-110.9265
85723,32.2217,-110.9265
85724,32.2406,-110.9443
85725,32.2217,-110.9265
85726,32.2027,-110.9453
85728,32.2217,-110.9265
85730,32.181,-110.819
85731,32.2217,-110.9265
85732,32.2217,-110.9265
85733,32.2217,-110.9265
85734,32.0651,-110.9353
85735,32.093,-111.3472
85736,31.9011,-111.3702
85737,32.4142,-110.9466
85738,32.5056,-110.9211
85739,32.465,-110.8922
85740,32.2217,-110.9265
85741,32.3472,-111.0419
85742,32.4076,-111.065
85743,32.3366,-111.1771
85744,32.2217,-110.9265
85745,32.2434,-111.0179
85746,32.1422,-111.0506
85747,32.0984,-110.7272
85748,32.215,-110.7758
85749,32.2733,-110.7658
85750,32.2974,-110.8404
85751,32.2217,-110.9265
85752,32.2217,-110.9265
85754,32.2217,-110.9265
85755,32.4227,-110.9768
85756,32.0839,-110.9004
85757,32.1336,-111.0973
85775,32.2217,-110.9265
85777,32.09,-110.91
85901,34.2998,-110
85902,34.2981,-110.0352
85911,34.0448,-110.4854
85912,34.2666,-110.2031
85920,33.8279,-109.1283
85922,33.6512,-109.0685
85923,34.3617,-110.2954
85924,34.4458,-109.6741
85925,34.1077,-109.294
85926,33.7906,-109.9887
85927,34.0052,-109.4664
85928,34.41,-110.5883
85929,34.1662,-109.9869
85930,34.0754,-109.8532
85931,34.4513,-110.8644
85932,33.9531,-109.2092
85933,34.4086,-110.56
85934,34.3003,-110.2457
85935,34.1175,-109.9197
85936,34.501,-109.3796
85937,34.4959,-110.0807
85938,34.1702,-109.3315
85939,34.439,-110.0858
85940,34.2575,-109.6929
85941,33.8021,-109.9937
85942,34.7814,-110.0435
86001,35.1859,-111.662
86002,35.1981,-111.6513
86003,35.1981,-111.6513
86004,35.2257,-111.5741
86005,35.1545,-111.6789
86011,35.1981,-111.6513
86015,35.2381,-111.8335
86016,35.7504,-111.6188
86017,34.9412,-111.641
86018,35.2563,-111.95
86020,35.9922,-111.5038
86021,36.9903,-112.9758
86022,36.9044,-112.4979
86023,35.9421,-112.1309
86024,34.6616,-111.3404
86025,34.9085,-110.1434
86028,35.0658,-109.7831
86029,34.9806,-110.0582
86030,35.9278,-110.6729
86031,35.4056,-110.0848
86032,34.9814,-110.3373
86033,36.6883,-110.2652
86034,35.8082,-110.2845
86035,35.3365,-110.9927
86036,36.8215,-111.7301
86038,34.9083,-111.463
86039,35.8742,-110.6235
86040,36.9147,-111.4558
86042,35.8617,-110.3875
86043,35.7933,-110.5051
86044,36.7093,-110.8411
86045,36.1037,-111.2686
86046,35.5434,-112.1707
86047,35.0242,-110.6974
86052,36.2105,-112.0613
86053,36.4950,-111.3174
86054,36.6159,-110.6477
86301,34.5917,-112.4265
86302,34.5749,-112.4915
86303,34.4958,-112.3783
86304,34.5967,-112.4907
86305,34.8185,-112.9584
86312,34.6683,-112.3078
86313,34.7067,-112.3977
86314,34.6019,-112.3264
86315,34.7055,-112.2639
86320,35.215,-112.5027
86321,34.5785,-113.1755
86322,34.5697,-111.8551
86323,34.7757,-112.4731
86324,34.7711,-112.0579
86325,34.7256,-111.9086
86326,34.7055,-112.0091
86327,34.5368,-112.2567
86329,34.5009,-112.2374
86330,34.67,-112.52
86331,34.7486,-112.1086
86332,34.4541,-112.8966
86333,34.3655,-112.1296
86334,35.0313,-112.5441
86335,34.638,-111.7842
86336,34.8266,-111.7506
86337,35.3212,-112.9548
86338,34.5053,-112.6855
86339,34.8697,-111.761
86340,34.8582,-111.7867
86341,34.8705,-111.7647
86342,34.6417,-111.7872
86343,34.2241,-112.334
86351,34.7784,-111.7851
86401,35.1328,-113.7033
86402,35.2632,-114.0637
86403,34.4814,-114.3483
86404,34.5575,-114.3307
86405,34.4839,-114.3225
86406,34.4228,-114.125
86409,35.2633,-114.0223
86411,35.3692,-113.7272
86412,35.1959,-114.0336
86413,35.3002,-114.2215
86426,35.0075,-114.5646
86427,35.0298,-114.5779
86429,35.1715,-114.5386
86430,35.1473,-114.5433
86431,35.3896,-114.2221
86432,36.8872,-113.9297
86433,35.0285,-114.3837
86434,35.5378,-113.4202
86435,36.2242,-112.6932
86436,34.7784,-114.4817
86437,35.3788,-113.6141
86438,34.8722,-114.1494
86439,35.1478,-114.5683
86440,34.8929,-114.5951
86441,35.5692,-114.3777
86442,35.106,-114.5947
86443,36.0280,-114.3122
86444,35.9822,-114.0775
86445,35.9013,-114.4640
86446,34.8499,-114.5917
86502,35.2375,-109.5229
86503,36.1304,-109.6037
86504,35.7445,-109.0765
86505,35.7114,-109.542
86506,35.2831,-109.207
86507,36.4181,-109.2446
86508,35.3539,-109.0537
86510,36.1002,-110.2211
86511,35.6447,-109.0956
86512,35.2164,-109.3337
86514,36.7797,-109.359
86515,35.6676,-109.0784
86520,36.1708,-109.9465
86535,36.7773,-109.861
86538,36.4083,-109.634
86540,35.8964,-109.4487
86544,36.9075,-109.1023
86545,36.7181,-109.6259
86547,36.5131,-109.4734
86555,31.38,-109.55
86556,36.3071,-109.2176
